ETL,18
Austin,11
ETL Consulting Services,7
ETL Services,7
DEV3LOPCOM,6
LLC,6
Texas,4
SaaS,4
ETL Consultants,3
ETL Consulting,2
ETL Developers,2
ETL Developer,1
Lines FLSFO Education Industry Ministry,1
Higher Education Ryerson University Minneapolis Public Schools Education,1
America University,1
ETL Consulting Services Company,1
Advanced,1
Faster,1
Revenue Alabama Medicaid,1
NDAs,1
Sun,1
Consulting,1
FBI Florida,1
Enterprise Deloitte,1
Florida Dpt,1
PepsiCo,1
ExxonMobil Enterprise Kroger,1
Boston Scientific,1
Nielsen Company,1
ETL Consulting Success,1
GDPR,1
Third Party,1
SQL,1
Scheduler Colibrí GA Dashboards Team Portfolio Testimonies Blog Contact Select Page,1
Tableau Consulting Services Analytics Consulting Services ETL Consulting Services Data Warehousing Services Data Engineering Services Data,1
Updates Canopys Colibrí Contact,1
